Timepoints,Liver signal,AIF
36964.178,327.203,180.577
36966.357,315.897,167.142
36968.538,319.615,156.828
36970.715,327.55,173.757
36972.895,321.326,162.994
36975.072,323.953,162.53
36977.253,317.941,158.918
36979.432,323.15,171.097
36981.61,314.773,167.487
36983.79,315.456,162.395
36985.97,315.564,167.034
36988.148,319.03,169.47
36990.327,322.843,173.88
36992.508,319.001,157.957
36994.685,326.197,173.299
36996.865,316.234,169.596
36999.042,314.928,172.894
37001.223,315.648,167.239
37003.402,327.126,164.119
37005.58,318.663,161.795
37007.76,320.19,172.578
37009.94,315.573,168.222
37012.117,321.536,162.741
37014.298,316.578,166.231
37016.477,315.317,162.365
37018.655,320.968,165.103
37020.835,321.643,166.792
37023.012,320.959,161.368
37025.193,318.47,168.242
37027.372,316.537,161.776
37029.55,319.1,168.43
37031.73,318.133,181.736
37033.91,319.05,200.634
37036.087,318.819,212.444
37038.268,321.204,435.644
37040.445,323.941,597.162
37042.625,325.245,601.631
37044.805,320.836,438.193
37046.982,326.006,302.532
37049.163,330.855,242.061
37051.342,333.913,234.457
37053.52,341.374,252.142
37055.7,340.862,279.485
37057.88,346.664,288.147
37060.057,352.545,298.803
37062.238,346.086,281.362
37064.415,353.607,260.074
37066.595,345.23,243.797
37068.775,355.674,249.298
37070.952,348.757,236.976
37073.133,354.849,246.678
37075.312,345.163,243.289
37077.49,344.895,246.172
37079.67,345.912,248.968
37081.848,347.165,265.925
37084.027,343.247,249.735
37086.208,347.712,264.972
37088.385,340.839,246.004
37090.565,347.882,252.203
37092.745,345.338,237.202
37094.923,342.484,245.238
37097.102,339.54,255.366
37099.283,334.78,244.51
37101.46,344.379,245.819
37103.64,341.661,238.414
37105.818,338.876,245.108
37107.997,338.116,247.116
37110.178,337.784,245.76
37112.355,339.218,233.95
37114.535,340.883,257.172
37116.715,339.464,241.205
37118.893,339.253,252.031
37121.072,340.019,224.488
37123.25,349.39,247.968
37125.43,341.485,228.472
37127.61,346.948,249.721
37129.788,340.889,217.103
37131.967,344.149,243.391
37134.148,336.471,230.043
37136.325,337.831,240.147
37138.505,335.629,231.956
37140.685,337.655,237.888
37142.863,342.59,225.343
37145.042,341.914,234.353
37147.22,335.788,243.546
37149.4,341.602,238.456
37151.58,336.316,244.114
37153.758,338.419,239.915
37155.938,337.883,240.749
37158.117,337.053,239.168
37160.295,334.319,234.668
37162.475,335.76,234.455
37164.652,336.447,226.765
37166.833,337.165,209.394
37169.012,334.425,223.604
37171.19,335.077,212.305
37173.37,342.377,239.173
37175.55,334.404,223.127
37177.727,341.278,241.413
37179.908,335.445,231.282
37182.087,335.495,224.981
37184.265,335.032,197.705
37186.445,341.918,232.269
37188.622,334.238,212.658
37190.803,342.02,237.059
37192.982,336.961,235.434
37195.16,341.688,233.698
37197.34,332.541,233.126
37199.52,333.099,217.981
37201.697,334.746,203.488
37203.878,341.633,241.34
37206.055,334.317,219.764
37208.235,341.222,219.024
37210.415,332.199,226.008
37212.592,342.841,224.914
37214.773,331.658,217.464
37216.952,334.096,218.54
37219.13,337.76,212.485
37221.31,334.999,200.408
37223.49,336.441,222.719
37225.667,337.161,204.047
37227.848,338.669,218.811
37230.025,331.302,213.951
37232.205,340.696,221.12
37234.385,334.642,220.271
37236.562,334.175,220.944
37238.742,336.248,209.718
37240.923,334.528,203.213
37243.1,332.732,221.171
37245.28,340.127,228.322
37247.458,331.642,232.806
37249.637,338.437,231.583
37251.818,333.406,195.664
37253.995,336.615,232.523
37256.175,335.254,208.247
37258.355,337.616,215.878
37260.533,333.672,206.011
37262.712,340.48,210.458
37264.893,331.998,211.988
37267.07,343.385,217.325
37269.25,335.943,188.663
37271.428,341.045,220.278
37273.607,334.778,214.26
37275.788,334.621,219.233
37281.7,342.52,196.861
37283.878,335.4,210.078
37286.057,332.793,206.084
37288.238,332.741,212.833
37290.415,335.436,216.632
37292.595,343.762,220.159
37294.773,337.396,210.559
37296.952,337.685,211.329
37299.133,337.498,192.947
37301.31,335.782,221.509
37303.49,336.662,192.424
37305.67,332.651,211.201
37307.848,332.367,198.784
37310.027,332.701,218.021
37312.208,333.8,206.015
37314.385,338.7,220.265
37316.565,332.173,217.406
37318.742,333.97,211.842
37320.923,335.871,218.32
37323.102,335.909,212.45
37325.28,334.109,210.99
37327.46,336.91,204.809
37329.64,337.727,208.928
37331.818,338.535,202.713
37333.997,337.666,196.05
37336.175,337.626,193.112
37338.355,341.267,206.93
37340.535,334.583,201.21
37342.712,342.221,212.875
37344.893,334.684,194.372
37347.072,334.682,203.668
37349.25,335.45,207.258
37351.43,343.064,213.109
37353.61,332.198,201.208
37355.788,333.305,206.809
37357.967,334.562,202.147
37360.145,340.598,209.877
37362.325,334.165,199.18
37364.505,340.267,216.749
37366.682,335.808,194.722
37368.863,338.97,194.997
37371.042,334.454,196.21
37373.22,334.664,189.468
37375.4,336.677,207.499
37377.577,333.184,200.159
37379.758,341.05,217.259
37381.938,333.694,209.865
37384.115,334.933,213.814
37386.295,333.116,199.994
37388.475,339.083,194.008
37390.652,336.873,193.283
37392.833,337.289,200.521
37395.012,332.197,191.405
37397.19,336.058,206.374
37399.37,343.312,209.555
37401.548,335.578,209.138
37403.727,341.675,217.756
37405.908,335.577,210.494
37408.085,337.468,204.463
37410.265,336.867,210.076
37412.445,336.269,198.62
37414.622,334.756,206.666
37416.803,334.793,209.235
37418.98,335.506,211.9
37421.16,337.929,198.654
37423.34,336.841,193.461
37425.518,339.343,193.024
37427.697,335.245,194.565
37429.878,337.025,199.355
37432.055,337.834,202.358
37434.235,338.25,186.373
37436.415,332.648,195.728
37438.592,336.012,207.135
37440.773,339.966,197.812
37442.95,338.18,185.137
37445.13,335.643,198.305
37447.31,341.388,206.603
37449.488,336.178,201.771
37451.667,343.396,213.287
37453.848,333.984,197.34
37456.025,337.429,199.25
37458.205,333.822,195.642
37460.383,338.913,205.005
37462.562,335.652,198.376
37464.742,344.291,213.086
37466.92,339.066,187.37
37469.1,340.075,189.294
37471.28,338.7,196.244
37473.458,337.268,186.457
37475.637,333.383,198.173
37477.818,333.783,193.277
37479.995,333.883,200.041
37482.175,334.997,209.521
37484.352,338.159,203.377
37486.533,334.981,194.432
37488.712,336.962,204.119
37490.89,333.727,204.559
37493.07,340.916,215.577
37495.25,334.334,203.515
37497.428,334.537,198.514
37499.607,335.318,200.622
37501.785,331.64,192.186
37503.965,340.186,205.69
37506.145,335.52,195.774
37508.322,341.125,202.073
37510.503,335.703,199.549
37512.682,343.486,209.028
37514.86,335.871,206.83
37517.04,334.3,197.8
37519.22,336.695,201.24
37521.398,335.425,201.928
37523.577,334.169,198.893
37525.755,332.239,197.96
37527.935,331.707,202.87
37530.115,332.754,193.772
37532.292,341.598,205.927
37534.473,336.153,204.748
37536.652,336.985,203.476
37538.83,336.518,187.068
37541.01,340.533,198.072
37543.19,331.987,203.837
37545.367,338.089,202.752
37547.548,336.652,196.008
37549.725,336.598,179.988
37551.905,346.04,200.089
37554.085,335.196,179.302
37556.262,336.424,196.83
37558.443,334.156,197.929
37560.622,334.608,197.791
37562.8,337.278,187.084
37564.98,344.083,194.679
37567.158,338.086,189.391
37569.337,338.093,192.622
37571.518,337.103,192.041
37573.695,334.235,191.589
37575.875,337.363,203.286
37578.055,333.656,189.155
37580.232,334.755,206.933
37582.413,334.246,190.647
37584.592,333.463,208.414
37586.77,335.721,185.785
37588.95,335.024,211.001
37591.128,335.682,185.307
37593.307,333.739,195.164
37598.697,348.176,215.177
37600.878,336.914,195.775
37603.055,343.137,206.554
37605.235,337.197,184.98
37607.415,342.793,201.022
37609.592,339.01,196.892
37611.773,340.191,191.685
37613.952,333.438,201.706
37616.13,334.056,195.39
37618.31,333.758,196.8
37620.488,333.353,197.889
37622.667,341.214,205.191
37624.848,337.124,198.361
37627.025,344.315,203.256
37629.205,334.496,194.092
37631.385,342.267,202.74
37633.562,332.853,187.888
37635.742,337.628,202.591
37637.92,339.222,213.633
37640.1,333.858,203.666
37642.28,331.53,205.855
37644.458,334.143,200.381
37646.637,335.027,190.523
37648.818,340.528,201.949
37650.995,338.51,183.349
37653.175,344.569,208.559
37655.355,331.537,208.962
37657.533,334.412,210.851
37659.712,332.255,198.753
37661.89,334.62,192.954
37664.07,332.786,200.6
37666.25,333.249,210.528
37668.428,340.198,198.331
37670.607,337.001,187.325
37672.788,341.708,198.131
37674.965,334.212,188.46
37677.145,336.754,213.247
37679.322,335.818,192.74
37681.503,339.096,200.126
37683.682,332.911,203.568
37685.86,338.353,200.587
37688.04,336.864,192.607
37690.22,344.629,198.497
37692.398,333.464,199.168
37694.577,344.088,215.652
37696.758,334.804,194.529
37698.935,340.748,205.732
37701.115,336.037,194.35
37703.292,341.847,209.105
37705.473,336.928,184.617
37707.652,339.752,191.856
37709.83,339.815,189.831
37712.01,338.952,192.497
37714.19,334.09,202.345
37716.367,341.733,222.934
37718.548,335.106,192.787
37720.725,341.864,209.888
37722.905,332.814,196.394
37725.085,337.734,200.438
37727.262,332.157,202.23
37729.443,331.132,204.58
37731.622,332.456,199.403
37733.8,334.772,199.393
37735.98,332.358,203.072
37738.16,341.933,207.028
37740.337,338.543,181.37
37742.518,344.903,196.25
37744.695,338.492,193.499
37746.875,337.793,193.766
37749.055,335.854,196.509
37751.232,337.621,186.298
37753.413,333.3,199.64
37755.592,336.435,208.201
37757.77,339.43,195.414
37759.95,334.781,199.857
37762.13,333.617,190.408
37764.307,333.126,187.569
37766.488,331.309,199.253
37768.665,333.777,190.008
37770.845,341.744,190.564
37773.025,332.479,198.771
37775.202,336.873,211.187
37777.383,337.216,193.518
37779.562,338.968,187.608
37781.74,339.518,191.894
37783.92,332.666,201.672
37786.098,343.532,205.415
37788.277,334.308,197.467
37790.458,343.73,201.81
37792.635,333.937,202.325
37794.815,336.787,200.603
37796.995,336.103,183.794
37799.173,338.227,196.301
37801.352,337.468,188.129
37803.533,340.228,184.066
37805.71,338.526,189.448
37807.89,338.562,189.25
37810.068,335.578,185.943
37812.247,337.746,194.235
37814.428,333.864,196.547
37816.605,333.668,191.121
37818.785,341.654,203.004
37820.965,336.768,190.508
37823.143,343.543,203.135
37825.322,336.946,182.865
37827.5,332.914,193.547
37829.68,333.708,188.852
37831.86,329.692,193.071
37834.038,334.063,186.174
37836.217,336.574,196.606
37838.398,335.756,191.642
37840.575,335.823,196.599
37842.755,335.9,199.314
37844.935,334.445,185.048
37847.113,336.806,186.277
37849.292,333.887,194.92
37851.47,338.766,195.321
37853.65,334.701,188.11
37855.83,335.677,201.922
37858.008,337.73,179.083
37860.188,345.228,196.213
37862.367,339.216,188.208
37864.545,344.007,198.824
37866.725,332.832,198.305
37868.902,332.562,206.922
37871.083,335.099,194.359
37873.262,333.327,209.162
37875.44,335.783,193.464
37877.62,333.656,188.593
37879.8,336.947,204.906
37881.977,335.373,191.929
37884.158,337.593,188.434
37886.337,334.604,194.141
37888.515,336.746,183.628
37890.695,336.256,198.815
37892.872,336.924,184.297
37895.053,343.935,197.609
37897.232,337.588,179.628
37899.41,338.979,187.638
37901.59,333.184,196.992
37903.77,337.565,193.919
37905.947,332.038,194.157
37908.128,336.383,193.651
37910.305,330.601,204.375
37916.835,346.088,190.622
37919.015,330.392,179.456
37921.195,334.558,204.069
37923.372,337.426,192.432
37925.553,333.994,187.763
37927.732,343.308,201.259
37929.91,338.314,183.01
37932.09,335.565,197.928
37934.268,336.186,193.269
37936.447,332.92,186.569
37938.628,336.52,191.703
37940.805,338.555,200.25
37942.985,340.82,184.938
37945.165,336.302,184.931
37947.342,341.368,184.128
37949.523,337.02,197.996
37951.702,343.28,190.396
37953.88,334.695,182.408
37956.06,335.264,196.145
37958.238,334.331,194.147
37960.417,337.063,205.737
37962.598,337.34,182.128
37964.775,338.776,187.712
37966.955,338.714,187.839
37969.135,342.261,193.034
37971.312,336.882,192.919
37973.492,335.653,194.306
37975.67,336.054,199.459
37977.85,332.885,188.79
37980.03,334.302,193.178
37982.208,332.262,180.074
37984.387,334.178,190.615
37986.568,333.376,190.704
37988.745,342.667,193.4
37990.925,333.96,182.158
37993.105,341.433,191.779
37995.283,333.905,194.014
37997.462,337.041,209.641
37999.64,337.427,182.341
38001.82,345.556,192.823
38004,337.651,182.136
38006.178,343.292,193.099
38008.357,336.51,186.197
38010.538,344.006,192.612
38012.715,334.014,191.54
38014.895,344.206,190.639
38017.075,335.068,185.991
38019.253,346.574,193.522
38021.432,335.971,188.683
38023.61,343.868,192.265
38025.79,335.894,186.702
38027.97,336.558,187.329
38030.148,339.581,190.095
38032.327,341.182,194.553
38034.508,335.716,191.504
38036.685,334.854,192.766
38038.865,339.996,201.964
38041.042,337.186,187.363
38043.223,337.24,188.175
38045.402,337.309,178.268
38047.58,343.206,185.417
38049.76,335.325,188.625
38051.94,344.655,202.105
38054.117,339.602,185.77
38056.298,344.726,191.672
38058.477,334.527,194.689
38060.655,339.414,196.318
38062.835,338.306,191.04
38065.012,336.686,185.525
38067.193,338.608,189.368
38069.372,347.791,198.442
38071.55,340.329,188.436
38073.73,343.572,193.859
38075.91,337.509,194.882
38078.087,342.177,183.571
38080.268,340.286,188.239
38082.445,334.029,190.55
38084.625,339.252,203.673
38086.805,336.158,185.71
38088.982,340.998,189.122
38091.163,335.352,184.872
38093.342,343.466,191.877
38095.52,337.045,188.819
38097.7,346.594,189.705
38099.88,334.681,195.818
38102.057,338.221,184.602
38104.238,339.824,181.321
38106.415,333.854,187.557
38108.595,334.127,182.099
38110.775,333.274,187.97
38112.952,333.741,186.369
38115.133,331.798,191.62
38117.312,334.637,179.636
38119.49,338.597,190.168
38121.67,336.308,181.602
38123.848,335.237,184.32
38126.027,337.167,180.782
38128.208,339.347,187.509
38130.385,345.138,190.759
38132.565,339.58,175.521
38134.745,340.113,188.368
38136.923,335.067,182.229
38139.102,341.664,184.102
38141.283,334.459,181.411
38143.46,343.727,181.375
38145.64,341.176,196.287
38147.818,339.571,182.269
38149.997,342.659,194.436
38152.178,335.323,190.735
38154.355,338.656,193.734
38156.535,339.453,181.062
38158.715,342.863,184.758
38160.893,335.361,176.974
38163.072,342.481,191.675
38165.25,333.602,184.18
38167.43,340.913,189.723
38169.61,333.83,192.175
38171.788,336.541,188.796
38173.967,336.645,189.63
38176.148,338.366,181.072
38178.325,337.683,185.291
38180.505,335.041,179.467
38182.685,332.039,177.714
38184.863,340.425,179.419
38187.042,335.918,177.431
38189.22,340.536,188.927
38191.4,336.577,194.999
38193.58,340.099,191.755
38195.758,336.94,185.085
38197.938,343.419,182.204
38200.117,338.577,186.012
38202.295,339.9,190.975
38204.475,340.389,181.083
38206.652,339.435,194.501
38208.833,336.608,181.953
38211.012,336.157,180.817
38213.19,335.821,186.142
38215.37,335.687,192.789
38217.55,341.59,197.727
38219.727,335.207,185.231
38221.908,336.514,190.656
38224.087,337.696,182.828
38226.265,339.18,175.925
38228.445,335.464,186.512
38233.747,344.448,179.844
38235.925,337.067,181.769
38238.105,340.959,187.563
38240.283,334.991,184.329
38242.462,338.534,193.353
38244.643,335.905,187.111
38246.82,338.159,190.537
38249,334.593,180.566
38251.18,340.273,182.363
38253.357,337.376,192.189
38255.538,338.944,189.173
38257.717,341.569,176.782
38259.895,338.222,184.233
38262.075,336.903,194.145
38264.253,337.919,187.638
38266.432,335.363,180.661
38268.613,341.371,173.507
38270.79,342.635,187.471
38272.97,335.638,185.857
38275.15,336.195,184.718
38277.327,334.078,186.19
38279.508,337.919,184.472
38281.688,341.693,189.056
38283.865,335.161,187.482
38286.045,344.122,189.063
38288.223,335.366,185.507
38290.402,343.41,191.441
38292.583,338.461,169.581
38294.76,345.125,184.457
38296.94,334.814,176.358
38299.12,341.522,204.111
38301.298,337.815,182.539
38303.477,344.811,188.189
38305.655,336.242,178.138
38307.835,343.332,180.276
38310.015,340.703,164.107
38312.193,340.59,183.659
38314.372,341.076,186.847
38316.553,345.979,189.714
38318.73,335.704,179.359
38320.91,343.193,194.766
38323.09,337.909,178.397
38325.268,346.823,196.026
38327.447,336.22,178.035
38329.625,347.112,187.183
38331.805,339.796,180.719
38333.985,345.135,183.741
38336.163,339.898,180.303
38338.342,346.105,181.044
38340.523,334.119,193.719
38342.7,338.849,184.572
38344.88,333.756,201.325
38347.057,342.32,181.177
38349.238,336.815,187.017
38351.417,340.046,182.526
38353.595,333.283,189.95
38355.775,336.19,190.367
38357.955,339.192,179.907
38360.133,344.349,179.104
38362.312,333.658,183.768
38364.492,341.557,194.546
38366.67,336.108,175.816
38368.85,339.491,181.595
38371.027,335.75,185.921
38373.208,338.398,186.67
38375.387,337.248,186.927
38377.565,338.782,184.893
38379.745,335.458,180.722
38381.925,340.878,181.431
38384.102,336.62,184.73
38386.283,336.408,185.134
38388.46,347.401,192.912
38390.64,339.5,173.165
38392.82,340.932,187.945
38394.997,337.176,192.018
38397.178,343.225,184.277
38399.357,336.077,179.787
38401.535,338.155,188.972
38403.715,337.511,190.133
38405.895,340.929,209.09
38408.072,340.059,182.073
38410.253,339.371,190.713
38412.43,336.054,189.853
38414.61,344.569,186.482
38416.79,335.336,183.13
38418.967,346.016,188.905
38421.148,337.142,178.6
38423.327,347.019,181.752
38425.505,336.067,187.739
38427.685,342.41,200.044
38429.863,338.533,185.264
38432.042,340.596,174.27
38434.223,337.867,177.976
38436.4,338.715,181.905
38438.58,332.452,191.968
38440.76,341.728,181.361
38442.938,346.067,182.501
38445.117,336.686,183.534
38447.298,335.8,175.853
38449.475,338.925,184.01
38451.655,333.244,194.326
38453.833,339.57,180.729
38456.012,334.694,188.029
38458.193,337.626,186.009
38460.37,333.176,179.922
38462.55,335.173,176.991
38464.73,339.97,185.617
38466.908,338.568,182.686
38469.087,342.724,194.804
38471.265,337.563,177.974
38473.445,332.852,181.513
38475.625,339.51,182.143
38477.803,335.085,185.19
38479.982,335.773,177.732
38482.163,330.874,194.814
38484.34,338.108,179.726
38486.52,335.841,187.596
38488.7,342.073,183.24
38490.878,338.91,181.792
38493.057,344.364,184.031
38495.235,337.54,178.219
38497.415,345.486,186.956
38499.595,337.851,173.552
38501.773,342.597,202.89
38503.952,337.252,172.465
38506.133,342.948,182.649
38508.31,336.747,178.462
38510.49,337.058,182.873
38512.667,341.163,180.019
38514.848,344.181,196.84
38517.027,342.304,178.774
38519.205,339.373,190.056
38521.385,337.776,186.488
38523.565,346.277,182.543
38525.742,339.972,174.122
38527.923,344.728,186.614
38530.102,337.604,185.951
38532.28,345.96,189.448
38534.46,340.84,177.891
38536.637,343.998,179.273
38538.818,335.643,183.252
38540.997,332.766,182.277
38543.175,337.34,176.479
38545.355,343.435,191.411
38552.195,342.951,191.041
38554.375,342.861,202.146
38556.555,335.827,180.68
38558.732,345.087,178.553
38560.913,334.647,182.966
38563.092,340.428,180.201
38565.27,337.479,180.587
38567.45,343.807,188.951
38569.63,338.374,180.777
38571.807,338.095,176.726
38573.988,334.064,181.841
38576.165,336.556,179.946
38578.345,334.611,192.261
38580.525,335.469,182.599
38582.702,336.561,183.521
38584.883,339.371,183.056
38587.062,341.107,180.881
38589.24,335.318,179.216
38591.42,335.618,190.041
38593.6,338.134,181.248
38595.777,339.466,180.107
38597.958,334.064,172.868
38600.135,338.464,183.378
38602.315,335.686,173.495
38604.495,344.213,188.705
38606.673,335.678,184.138
38608.852,347.415,200.987
38611.033,337.931,175.995
38613.21,336.487,185.511
38615.39,339.563,179.84
38617.568,332.973,184.662
38619.747,338.06,183.202
38621.928,341.287,183.981
38624.105,334.448,178.66
38626.285,337.936,177.479
38628.465,334.852,180.08
38630.643,337.012,184.497
38632.822,337.726,183.621
38635.003,333.816,181.378
38637.18,340.459,178.075
38639.36,341.076,178.999
38641.538,337.166,187.435
38643.717,339.501,188.974
38645.898,344.107,187.228
38648.075,335.901,179.26
38650.255,341.972,178.661
38652.435,336.909,187.713
38654.613,340.598,177.646
38656.792,337.268,183.592
38658.97,332.284,178.896
38661.15,338.705,190.337
38663.33,340.837,181.674
38665.508,337.537,184.213
38667.688,340.885,175.351
38669.867,341.928,183.124
38672.045,336.484,181.615
38674.225,342.46,176.541
38676.405,334.103,186.32
38678.583,336.771,180.133
38680.762,339.482,183.47
38682.94,341.576,187.397
38685.12,333.168,173.299
38687.3,344.461,180.312
38689.477,337.6,195.019
38691.658,341.943,182.375
38693.837,335.327,181.142
38696.015,333.364,184.302
38698.195,337.808,186.503
38700.372,331.686,178.37
38702.553,336.227,199.487
38704.732,338.381,184.631
38706.91,334.255,183.123
38709.09,342.505,187.347
38711.27,332.083,173.604
38713.447,343.341,183.216
38715.628,333.595,172.49
38717.807,344.148,199.698
38719.985,337.133,183.4
38722.165,342.129,182.989
38724.342,334.899,184.188
38726.523,336.541,182.964
38728.702,334.61,179.815
38730.88,338.285,176.473
38733.06,344.12,179.114
38735.24,332.772,178.607
38737.417,343.561,182.875
38739.598,335.132,173.361
38741.775,341.502,190.738
38743.955,339.235,177.305
38746.135,333.516,179.164
38748.312,341.239,185.772
38750.492,336.633,187.378
38752.673,339.636,179.492
38754.85,340.995,183.357
38757.03,334.376,176.686
38759.21,345.994,181.548
38761.387,342.014,183.534
38763.568,338.045,188.133
38765.745,336.318,178.51
38767.925,345.04,189.531
38770.105,333.622,185.861
38772.283,337.329,192.608
38774.462,336.779,186.976
38776.643,338.343,165.624
38778.82,341.853,179.586
38781,337.504,175.972
38783.178,339.682,187.311
38785.357,338.058,190.636
38787.538,341.603,179.184
38789.715,338.023,185.375
38791.895,340.034,174.317
38794.075,343.3,176.319
38796.253,340.797,182.668
38798.432,336.13,178.268
38800.613,338.61,186.868
38802.79,343.331,191.928
38804.97,338.952,185.212
38807.148,337.897,173.913
38809.327,343.406,185.688
38811.508,335.325,179.513
38813.685,337.483,178.624
38815.865,344.723,185.541
38818.045,332.018,188.997
38820.223,337.612,187.31
38822.402,345.996,181.44
38824.58,336.643,183.831
38826.76,339.888,186.884
38828.94,337.313,188.664
38831.117,341.317,177.908
38833.298,336.748,189.513
38835.477,337.433,186.662
38837.655,336.761,188.993
38839.835,340.228,175.644
38842.015,342.81,187.972
38844.193,339.951,177.659
38846.372,344.891,192.025
38848.55,340.384,177.974
38850.73,344.285,190.122
38852.91,336.755,183.499
38855.087,339.238,177.998
38857.268,336.255,187.853
38859.447,348.593,188.473
38861.625,336.684,182.11
38863.805,341.958,187
38870.137,351.364,179.051
38872.318,341.51,173.208
38874.497,348.488,196.499
38876.675,343.45,175.516
38878.855,342.623,190.439
38881.035,342.651,182.669
38883.212,345.285,177.583
38885.393,342.291,181.601
38887.57,343.21,176.016
38889.75,349.379,188.046
38891.93,342.278,193.167
38894.107,345.147,173.515
38896.288,343.267,179.363
38898.467,345.071,178.781
38900.645,345.361,182.064
38902.825,350.854,183.15
38905.005,340.78,189.09
38907.182,345.058,179.874
38909.363,341.844,181.012
38911.54,341.357,183.387
38913.72,339.322,183.844
38915.9,336.819,186.527
38918.077,342.268,182.74
38920.258,343.508,185.504
38922.438,347.611,191.166
38924.615,341.5,187.611
38926.795,347.577,185.087
38928.973,341.933,192.302
38931.152,342.495,184.057
38933.333,339.334,182.817
38935.51,343.857,179.162
38937.69,340.442,177.048
38939.87,350.557,184.888
38942.048,339.757,180.235
38944.227,340.662,172.849
38946.408,348.879,177.028
38948.585,340.144,182.127
38950.765,348.089,187.418
38952.943,339.812,172.158
38955.122,343.693,188.435
38957.303,346.953,178.013
38959.48,346.786,185.964
38961.66,344.791,178.256
38963.84,348.193,186.872
38966.018,338.736,183.646
38968.197,336.92,181.006
38970.378,338.152,174.692
38972.555,346.122,187.756
38974.735,343.333,177.896
38976.913,335.348,196.375
38979.092,340.108,185.271
38981.273,343.768,172.471
38983.45,347.598,195.665
38985.63,341.988,171.153
38987.81,342.948,175.942
38989.988,345.642,181.81
38992.167,341.898,168.397
38994.345,349.033,183.996
38996.525,341.008,177.403
38998.705,344.579,171.569
39000.883,340.217,182.356
39003.062,341.398,181.957
39005.242,339.584,177.431
39007.42,341.687,180.278
39009.6,338.465,182.184
39011.78,336.701,170.181
39013.958,346.983,201.819
39016.137,341.732,178.626
39018.315,347.31,184.602
39020.495,337.547,171.881
39022.675,347.578,182.499
39024.852,339.34,181.401
39027.033,348.832,187.981
39029.212,341.717,189.66
39031.39,337.255,180.727
39033.57,340.602,165.83
39035.747,336.558,183.75
39037.928,341.921,176.366
39040.107,339.144,179.706
39042.285,341.651,174.991
39044.465,338.902,177.099
39046.645,340.101,184.772
39048.822,337.107,187.11
39051.003,339.759,170.486
39053.182,339.222,181.94
39055.36,338.144,176.251
39057.54,337.193,185.843
39059.717,337.78,178.185
39061.898,342.049,185.52
39064.077,337.705,189.354
39066.255,339.915,182.116
39068.435,340.974,172.375
39070.615,342.045,195.805
39072.792,339.314,181.793
39074.973,343.612,197.562
39077.15,345.748,180.376
39079.33,342.829,176.394
39081.51,345.383,176.848
39083.688,342.747,181.35
39085.867,347.244,191.028
39088.048,339.509,192.508
39090.225,350.416,208.667
39092.405,340.694,173.355
39094.585,340.694,184.337
39096.762,343.467,179.952
39098.943,339.256,169.614
39101.12,340.946,192.002
39103.3,340.538,178.545
39105.48,344.25,183.697
39107.658,337.09,171.464
39109.837,340.317,175.95
39112.018,337.043,174.658
39114.195,344.992,180.465
39116.375,341.21,172.435
39118.553,346.609,180.751
39120.732,337.898,176.711
39122.913,349.008,192.964
39125.09,342.703,182.47
39127.27,335.983,173.921
39129.45,339.731,187.593
39131.628,335.486,180.868
39133.807,341.799,185.761
39135.988,339.746,179.434
39138.165,338.576,189.673
39140.345,342.297,178.083
39142.523,339.415,179.524
39144.702,336.731,173.852
39146.883,340.211,180.611
39149.06,339.665,172.095
39151.24,337.551,177.128
39153.42,338.383,178.511
39155.598,342.713,185.234
39157.777,337.594,185.756
39159.955,337.645,187.934
39162.135,340.472,185.507
39164.315,344.982,184.402
39166.492,336.89,174.118
39168.673,340.28,199.912
39170.852,342.119,174.845
39173.03,345.446,192.718
39175.21,343.093,171.393
39177.39,342.31,185.929
39179.568,340.666,177.545
39181.747,344.208,203.088
39187.945,346.23,185.622
39190.125,350.613,187.335
39192.305,337.862,169.165
39194.482,338.647,174.925
39196.663,334.053,171.982
39198.842,334.409,191.376
39201.02,333.695,171.258
39203.2,339.13,180.52
39205.378,334.154,181.384
39207.557,335.864,182.186
39209.738,341.232,180.061
39211.915,334.795,168.127
39214.095,336.414,190.146
39216.275,336.659,173.277
39218.452,336.229,194.106
39220.633,331.3,175.633
39222.81,338.487,172.358
39224.99,344.189,194.692
39227.17,339.723,169.538
39229.348,346.199,181.024
39231.527,334.342,184.258
39233.708,347.146,185.491
39235.885,332.702,171.778
39238.065,343.485,189.773
39240.245,340.402,171.447
39242.423,344.648,187.516
39244.602,337.242,169.367
39246.78,338.991,183.422
39248.96,340.162,172.289
39251.14,333.351,178.219
39253.318,334.402,181.003
39255.497,336.366,175.588
39257.678,334.498,174.457
39259.855,335.034,177.376
39262.035,336.242,187.603
39264.215,335.711,175.133
39266.393,346.393,176.602
39268.572,337.646,172.206
39270.75,347.599,185.523
39272.93,332.917,176.023
39275.11,340.42,188.526
39277.288,334.418,170.762
39279.467,339.905,174.195
39281.648,333.475,167.587
39283.825,343.404,189.713
39286.005,331.925,173.511
39288.182,343.747,193.581
39290.363,335.425,166.669
39292.542,345.756,182.442
39294.72,334.785,179.714
39296.9,344.474,179.63
39299.08,334.278,184.584
39301.258,335.787,192.139
39303.438,339.111,176.819
39305.617,343.5,183.116
39307.795,336.534,184.445
39309.975,345.287,179.881
39312.152,333.327,167.124
39314.333,346.141,197.397
39316.512,339.681,182.098
39318.69,341.723,181.986
39320.87,339.873,174.197
39323.05,337.019,183.222
39325.227,337.625,170.655
39327.408,337.463,177.172
39329.585,340.965,170.088
39331.765,341.702,174.084
39333.945,335.226,163.337
39336.122,340.076,180.114
39338.303,339.541,170.793
39340.482,332.911,173.093
39342.66,344.143,181.623
39344.84,332.699,172.706
39347.02,333.018,170.458
39349.197,333.943,178.494
39351.378,343.656,175.079
39353.555,336.138,172.362
39355.735,337.482,173.519
39357.915,342.082,191.631
39360.092,332.264,182.418
39362.273,339.589,172.462
39364.452,335.184,178.418
39366.63,340.367,179.481
39368.81,336.822,174.089
39370.988,343.485,180.008
39373.167,339.531,169.975
39375.348,339.961,181.556
39377.525,334.457,173.235
39379.705,334.665,173.941
39381.885,338.943,166.109
39384.062,335.793,184.392
39386.242,339.948,177.787
39388.423,334.153,172.13
39390.6,339.357,169.312
39392.78,335.256,177.958
39394.958,339.001,172.647
39397.137,332.72,173.156
39399.318,338.432,186.703
39401.495,333.235,168.722
39403.675,343.606,190.409
39405.855,333.712,169.561
39408.033,344.184,193.851
39410.212,332.963,175.51
39412.39,336.021,182.7
39414.57,330.811,175.979
39416.75,334.996,186.557
39418.928,334.077,166.119
39421.107,345.16,191.515
39423.288,336.995,165.371
39425.465,334.703,173.842
39427.645,334.309,180.78
39429.825,339.692,171.907
39432.003,346.266,181.031
39434.182,338.917,173.405
39436.36,346.136,194.693
39438.54,334.827,179.628
39440.72,343.824,186.668
39442.898,339.44,174.566
39445.077,333.43,166.451
39447.258,344.979,186.374
39449.435,333.446,172.086
39451.615,344.767,185.251
39453.792,342.233,174.445
39455.973,334.55,169.313
39458.152,338.612,179.116
39460.33,334.069,181.938
39462.51,341.639,172.709
39464.69,343.598,183.286
39466.867,338.495,169.714
39469.048,347.813,179.219
39471.227,337.8,166.456
39473.405,344.237,187.821
39475.585,338.942,168.08
39477.762,337.772,178.535
39479.943,338.791,183.374
39482.122,339.306,171.79
39484.3,334.414,179.795
39486.48,338.237,180.595
39488.66,346.138,184.296
39490.837,337.626,171.126
39493.018,343.564,187.886
39495.195,332.732,174.129
39497.375,346.876,191.396
39499.555,338.984,169.928
44252.185,328.053,211.122
44254.363,309.226,181.981
44256.542,321.737,170.775
44258.723,309.666,176.612
44260.9,321.195,187.221
44263.08,310.083,192.031
44265.26,318.954,178.257
44267.438,312.176,185.224
44269.617,318.207,176.858
44271.795,310.449,189.884
44273.975,320.82,197.242
44276.155,314.819,189.09
44278.333,322.887,258.34
44280.512,316.743,448.137
44282.693,320.66,573.346
44284.87,318.888,508.309
44287.05,327.813,435.979
44289.227,326.626,345.401
44291.408,333.675,318.449
44293.587,331.068,291.373
44295.765,334.663,281.57
44297.945,335.925,290.916
44300.125,341.533,290.583
44302.303,341.139,286.277
44304.482,346.816,286.866
44306.663,345.531,265.903
44308.84,353.427,267.84
44311.02,344.035,262.884
44313.197,349.73,275.671
44315.378,342.215,265.341
44317.557,348.209,270.406
44319.735,341.953,255.654
44321.915,345.931,262.858
44324.095,345.557,259.364
44326.273,344.718,271.712
44328.452,347.47,266.207
44330.633,336.27,249.055
44332.81,345.367,264.706
44334.99,339.046,256.407
44337.167,346.147,268.185
44339.348,343.151,264.133
44341.527,341.206,271.777
44343.705,338.627,264.172
44345.885,341.914,260.387
44348.065,336.409,260.299
44350.242,341.83,259.167
44352.423,339.789,263.438
44354.6,338.131,253.576
44356.78,339.894,251.716
44358.96,338.977,243.875
44361.137,343.909,248.855
44363.318,331.605,240.618
44365.497,340.155,255.707
44367.675,337.908,269.364
44369.855,339.434,262.89
44372.035,336.014,236.174
44374.212,329.793,238.39
44376.393,338.698,242.254
44378.57,340.05,243.923
44380.75,343.195,252.652
44382.93,341.032,245.238
44385.107,339.95,258.634
44387.288,334.882,255.616
44389.467,330.988,261.512
44391.645,340.741,256.532
44393.825,331.716,245.298
44396.003,337.839,257.641
44398.182,340.559,253.657
44400.363,335.407,232.668
44402.54,339.579,239.434
44404.72,331.197,234.475
44406.9,338.838,246.63
44409.077,332.58,236.693
44411.258,338.634,245.562
44413.438,335.683,232.135
44415.615,339.54,240.167
44417.795,332.287,238.952
44419.973,338.823,223.029
44422.152,335.086,241.151
44424.333,337.193,235.989
44426.51,335.223,234.863
44428.69,338.134,246.181
44430.87,331.885,252.804
44433.048,335.87,232.348
44435.227,334.205,229.884
44437.405,336.527,246.188
44439.585,332.119,228.181
44441.765,336.781,241.319
44443.943,334.749,225.391
44446.122,335.896,263.624
44448.303,334.599,247.154
44450.48,335.448,249.204
44452.66,338.975,246.305
44454.84,328.346,240.637
44457.018,336.877,248.688
44459.197,337.753,246.41
44461.375,339.505,247.279
44463.555,338.281,235.571
44465.735,331.543,246.323
44467.913,335.644,238.416
44470.092,329.288,241.12
44472.273,336.767,238.125
44474.45,327.989,234.693
44476.63,334.22,232.479
44478.807,337.806,231.658
44480.988,334.129,220.157
44483.167,337.454,233.519
44485.345,334.938,233.063
44487.525,335.662,261.839
44489.705,338.981,249.53
44491.883,330.103,239.833
44494.062,340.225,224.79
44496.242,334.53,224.789
44498.42,335.599,230.316
44500.6,329.978,216.164
44502.777,337.909,232.816
44504.958,335.791,241.838
44507.137,336.813,247.567
44509.315,334.448,227.011
44511.495,335.808,240.666
44513.675,336.673,225.205
44515.852,340.361,234.221
44518.033,333.658,235.114
44520.21,330.804,244.69
44522.39,337.054,228.126
44524.57,330.751,218.888
44526.747,339.38,235.726
44528.928,335.457,214.556
44531.107,333.343,233.447
44533.285,329.271,226.173
44535.465,334.369,219.711
44537.645,338.516,248.155
44539.822,335.816,232.244
44542.003,336.657,213.994
44544.18,337.748,223.064
44546.36,328.66,220.26
44548.54,334.306,215.381
44550.717,339.147,231.535
44552.898,333.489,229.204
44555.077,337.356,230.319
44557.255,337.493,221.779
44559.435,339.303,232.211
44561.613,332.469,227.442
44563.792,336.327,229.637
44570.26,345.186,216.53
44572.44,339.519,224.573
44574.617,334.976,232.864
44576.798,339.443,244.883
44578.977,335.398,237.101
44581.155,339.679,246.859
44583.335,336.232,239.929
44585.512,341.482,242.514
44587.693,337.498,237.975
44589.872,336.595,236.557
44592.05,337.472,237.982
44594.23,325.152,227.284
44596.41,337.392,238.266
44598.587,335.622,218.971
44600.768,337.571,237.432
44602.945,337.308,227.377
44605.125,326.82,240.221
44607.305,338.82,239.901
44609.482,336.398,216.748
44611.663,332.557,241.289
44613.842,339.923,230.363
44616.02,331.912,222.233
44618.2,338.194,241.286
44620.38,338.798,231.923
44622.557,340.262,241.641
44624.738,338.61,232.913
44626.915,330.013,233.816
44629.095,342.017,232.791
44631.275,336.948,223.47
44633.452,343.684,223.477
44635.633,337.717,217.594
44637.812,340.602,223.051
44639.99,340.92,238.277
44642.17,341.534,235.256
44644.348,340.654,221.809
44646.527,343.757,223.835
44648.708,337.394,215.168
44650.885,339.782,247.865
44653.065,337.636,226.941
44655.245,344.284,226.81
44657.423,334.664,217.557
44659.602,337.648,223.508
44661.783,325.641,217.125
44663.96,335.424,212.923
44666.14,342.726,225.044
44668.318,334.613,215.47
44670.497,341.982,225.903
44672.678,338.011,222.022
44674.855,331.086,228.382
44677.035,343.006,222.374
44679.215,326.888,219.609
44681.393,343.16,229.967
44683.572,330.622,232.29
44685.75,342.685,218.167
44687.93,325.331,215.974
44690.11,340.496,243.168
44692.288,331.777,210.913
44694.467,339.382,218.22
44696.648,328.374,242.47
44698.825,340.38,226.051
44701.005,338.717,230.235
44703.185,340.811,219.851
44705.363,343.724,225.565
44707.542,341.326,212.622
44709.72,340.701,225.397
44711.9,339.464,220.615
44714.08,328.497,227.115
44716.258,337.458,219.242
44718.438,324.27,231.304
44720.617,337.256,233.114
44722.795,337.419,226.85
44724.975,340.146,212.945
44727.152,341.151,223.323
44729.333,337.918,216.526
44731.512,341.685,223.726
44733.69,339.396,219.705
44735.87,340.821,220.788
44738.05,338.217,227.145
44740.227,337.012,212.727
44742.408,337.555,225.401
44744.587,341.279,232.391
44746.765,339.9,222.429
44748.945,340.805,216.755
44751.122,336.995,214.347
44753.303,335.076,217.029
44755.482,338.395,229.254
44757.66,328.493,226.358
44759.84,340.922,226.539
44762.02,338.539,222.504
44764.197,338.162,215.264
44766.378,339.645,210.601
44768.555,335.266,215.185
44770.735,339.168,208.709
44772.915,333.712,208.003
44775.092,335.563,223.535
44777.273,334.925,207.939
44779.452,337.794,228.376
44781.63,338.176,228.199
44783.81,327.497,233.276
44785.99,336.204,232.853
44788.167,336.21,219.142
44790.348,341.253,242.769
44792.525,340.037,226.698
44794.705,325.111,227.181
44796.885,340.751,212.284
44799.062,343.696,226.633
44801.242,340.97,211.794
44803.423,343.594,215.703
44805.6,338.937,224.541
44807.78,343.413,219.376
44809.958,332.634,223.106
44812.137,340.547,205.243
44814.318,338.805,223.919
44816.495,339.761,241.877
44818.675,325.904,217.068
44820.855,337.166,205.973
44823.033,340.158,240.201
44825.212,339.914,218.204
44827.393,342.162,213.648
44829.57,337.082,211.93
44831.75,342.788,221.84
44833.928,340.399,216.358
44836.107,340.648,228.658
44838.288,339.277,210.209
44840.465,338.927,227.194
44842.645,335.428,207.097
44844.825,341.416,221.08
44847.003,339.147,221.415
44849.182,340.16,228.661
44851.363,339.954,229.901
44853.54,325.107,210.982
44855.72,336.976,212.913
44857.898,332.844,216.389
44860.077,343.941,219.735
44862.258,331.424,212.007
44864.435,339.273,221.999
44866.615,334.041,226.694
44868.795,340.244,227.7
44870.973,341.621,221.927
44873.152,329.266,212.149
44875.33,336.133,213.295
44877.51,334.338,219.276
44879.69,339.47,222.675
44881.867,337.38,218.649
44889.307,345.683,211.422
44891.488,337.501,209.972
44893.667,340.455,237.907
44895.845,336.973,215.738
44898.025,329.347,219.404
44900.202,338.565,219.618
44902.383,335.083,216.966
44904.562,341.266,228.926
44906.74,338.097,221.413
44908.92,331.792,222.801
44911.1,337.875,219.652
44913.277,334.741,209.324
44915.458,341.055,222.278
44917.635,333.508,209.749
44919.815,338.489,226.992
44921.995,336.293,229.202
44924.173,336.799,225.226
44926.352,340.854,220.526
44928.533,336.828,216.082
44930.71,336.382,212.196
44932.89,338.622,235.81
44935.07,335.071,215.367
44937.247,339.809,216.486
44939.428,331.546,213.723
44941.605,340.161,218.363
44943.785,340.357,217.63
44945.965,340.325,209.71
44948.143,341.661,212.646
44950.322,333.305,207.471
44952.503,337.592,218.375
44954.68,335.238,231.076
44956.86,340.066,221.831
44959.038,335.322,212.188
44961.217,332.645,225.224
44963.398,341.068,213.075
44965.575,328.221,206.329
44967.755,337.661,231.231
44969.935,337.056,216.472
44972.113,335.945,220.885
44974.292,335.161,216.314
44976.473,326.986,220.781
44978.65,337.327,226.916
44980.83,334.487,212.652
44983.008,333.087,219.211
44985.188,336.707,210.316
44987.367,335.948,210.218
44989.545,340.121,220.173
44991.725,335.249,204.558
44993.905,338.472,231.964
44996.083,341.337,212.642
44998.262,338.133,216.13
45000.44,335.886,213.938
45002.62,337.055,235.674
45004.8,335.323,209.344
45006.977,340.377,227.174
45009.158,341.413,215.502
45011.337,340.46,214.496
45013.515,338.817,203.238
45015.695,339.042,215.685
45017.875,337.844,208.204
45020.053,339.779,214.64
45022.232,339.711,212.591
45024.41,331.93,207.804
45026.59,334.757,215.948
45028.77,325.366,215.137
45030.947,337.861,224.236
45033.128,338.143,218.646
45035.307,337.782,213.063
45037.485,339.195,208.208
45039.665,332.596,213.129
45041.842,337.937,214.126
45044.023,336.377,210.533
45046.202,340.098,221.185
45048.38,339.328,207.885
45050.56,340.003,222.013
45052.74,335.719,211.504
45054.917,332.554,219.797
45057.098,333.729,206.418
45059.277,331.539,198.568
45061.455,338.336,220.795
45063.635,335.181,226.591
45065.812,331.462,224.465
45067.992,342.47,213.114
45070.173,334.409,208.78
45072.35,338.652,211.092
45074.53,335.87,210.726
45076.71,334.689,212.663
45078.887,336.699,204.577
45081.068,336.476,214.165
45083.247,335.482,221.029
45085.425,340.586,225.637
45087.605,335.505,216.771
45089.783,337.937,204.531
45091.962,338.518,213.687
45094.143,335.137,205.118
45096.32,339.382,209.116
45098.5,333.53,201.194
45100.68,337.979,200.005
45102.857,337.192,216.151
45105.038,335.532,225.243
45107.215,341.013,222.143
45109.395,338.24,211.275
45111.575,337.683,209.834
45113.753,332.197,217.529
45115.932,337.675,219.942
45118.113,333.42,209.598
45120.29,342.733,210.192
45122.47,332.692,211.581
45124.65,334.904,206.695
45126.827,341.333,216.06
45129.008,332.769,208.144
45131.185,337.287,203.865
45133.365,330.948,208.173
45135.545,335.756,228.115
45137.723,334.827,201.044
45139.902,339.821,212.136
45142.083,333.515,205.258
45144.26,324.934,225.105
45146.44,339.228,206.289
45148.617,329.713,202.217
45150.798,337.008,219.311
45152.977,332.136,212.212
45155.155,338.737,217.795
45157.335,330.821,203.222
45159.515,337.976,231.152
45161.693,334.609,213.245
45163.872,340.991,204.208
45166.053,334.335,212.298
45168.23,336.232,223.224
45170.41,340.631,221.087
45172.587,337.752,207.254
45174.768,340.374,225.292
45176.947,332.271,207.882
45179.125,340.725,208.562
45181.305,341.882,216.588
45183.485,336.735,210.446
45185.663,338.185,223.84
45187.842,328.881,227.174
45190.02,340.027,214.025
45192.2,329.193,214.409
45194.38,336.18,219.766
45196.557,342.811,222.569
45198.738,340.591,205.528
45200.917,343.764,219.531
45206.79,341.913,225.408
45208.967,339.34,212.263
45211.148,338.945,211.12
45213.327,343.351,215.182
45215.505,339.854,196.556
45217.685,341.953,206.728
45219.865,338.589,206.44
45222.042,341.136,219.231
45224.223,335.129,208.795
45226.402,343.82,193.123
45228.58,341.914,202.918
45230.76,336.644,216.589
45232.938,340.523,220.997
45235.117,340.27,218.784
45237.298,339.16,205.528
45239.475,341.876,224.289
45241.655,340.109,208.935
45243.835,342.201,210.724
45246.012,338.753,206.366
45248.193,339.491,225.622
45250.37,339.336,212.809
45252.55,335.768,200.239
45254.73,332.662,227.205
45256.908,342.648,208.378
45259.087,328.672,200.276
45261.268,339.694,216.874
45263.445,336.382,210.835
45265.625,343.319,209.272
45267.805,339.404,208.914
45269.982,344.305,209.84
45272.163,336.937,200.39
45274.34,341.035,214.723
45276.52,333.786,217.151
45278.7,343.751,210.353
45280.878,337.044,205.805
45283.057,341.116,235.376
45285.238,339.252,208.634
45287.415,333.108,199.698
45289.595,340.424,227.713
45291.773,338.635,207.349
45293.952,338.706,207.009
45296.133,336.473,223.378
45298.31,333.936,206.46
45300.49,338.217,207.212
45302.67,328.716,193.197
45304.848,339.851,204.896
45307.027,337.409,199.411
45309.208,337.886,221.391
45311.385,344.77,220.898
45313.565,339.903,207.528
45315.742,333.772,218.381
45317.923,340.66,216.153
45320.102,333.818,200.814
45322.28,339.629,210.567
45324.46,339.852,235.108
45326.64,337.568,208.206
45328.818,333.942,225.85
45330.997,340.635,214.405
45333.175,340.237,209.791
45335.355,341.517,203.9
45337.535,334.992,205.857
45339.712,327.886,222.304
45341.893,342.036,207.011
45344.072,339.037,215.293
45346.25,342.137,213.439
45348.43,341.496,216.515
45350.61,334.53,201.577
45352.788,340.999,226.799
45354.967,338.802,197.662
45357.145,339.531,222.456
45359.325,341.668,209.408
45361.505,337.651,208.967
45363.682,340.421,215.232
45365.863,339.187,206.263
45368.042,336.186,209.909
45370.22,342.021,197.139
45372.4,338.082,212.133
45374.577,340.328,199.041
45376.758,341.739,228.434
45378.938,333.756,199.693
45381.115,339.409,217.193
45383.295,340.73,215
45385.475,333.164,201.687
45387.652,340.132,218.505
45389.833,335.867,209.968
45392.012,338.192,204.307
45394.19,338.92,199.411
45396.37,339.928,225.482
45398.548,344.856,210.996
45400.727,325.044,199.593
45402.908,338.827,219.948
45405.085,339.832,217.271
45407.265,327.513,214.272
45409.445,340.137,200.472
45411.622,333.577,197.053
45413.803,339.179,216.162
45415.98,336.407,214.634
45418.16,342.773,218.876
45420.34,340.901,203.825
45422.518,343.181,208.619
45424.697,339.109,204.765
45426.878,340.507,222.094
45429.055,342.303,222.472
45431.235,336.155,225.867
45433.415,341.524,212.214
45435.592,343.265,201.983
45437.773,344.072,213.247
45439.95,341.04,211.51
45442.13,341.454,210.906
45444.31,340.336,220.599
45446.488,337.479,203.785
45448.667,338.894,211.715
45450.848,344.35,224.816
45453.025,338.908,203.357
45455.205,339.158,201.624
45457.383,339.127,225.55
45459.562,332.572,201.477
45461.742,340.107,220.171
45463.92,340.408,192.614
45466.1,341.128,229.145
45468.28,342.87,209.033
45470.458,330.975,215.761
45472.637,341.783,217.261
45474.818,340.111,196.178
45476.995,339.014,201.37
45479.175,339.449,214.817
45481.352,331.518,213.091
45483.533,338.861,200.552
45485.712,338.14,214.419
45487.89,341.977,219.554
45490.07,338.1,197.226
45492.25,331.859,229.768
45494.428,341.289,200.801
45496.607,341.893,216.839
45498.788,337.646,199.63
45500.965,341.316,213.352
45503.145,333.353,214.13
45505.322,343.155,210.443
45507.503,333.734,198.82
45509.682,339.293,225.04
45511.86,341.689,209.518
45514.04,340.827,219.675
45516.22,341.516,201.904
45518.398,338.835,233.589
45523.673,349.031,212.129
45525.85,337.628,206.251
45528.03,340.975,225.235
45530.208,341.001,207.206
45532.387,340.334,208.573
45534.568,334.024,202.664
45536.745,340.405,223.13
45538.925,339.911,219.008
45541.105,344.058,217.64
45543.283,338.42,209.286
45545.462,341.653,223.217
45547.643,341.259,205.981
45549.82,341.738,216.216
45552,340.473,208.265
45554.178,329.973,208.308
45556.357,339.2,206.168
45558.538,334.051,211.206
45560.715,339.834,221.122
45562.895,342.219,214.691
45565.075,337.025,212.322
45567.253,338.754,230.375
45569.432,329.237,208.272
45571.61,339.905,222.115
45573.79,339.107,226.17
45575.97,339.594,208.892
45578.148,344.985,214.691
45580.327,334.831,208.428
45582.508,337.583,206.055
45584.685,340.587,219.961
45586.865,338.359,220.321
45589.045,341.692,217.064
45591.223,335.242,216.702
45593.402,337.642,212.3
45595.58,343.99,217.086
45597.76,337.444,212.196
45599.94,340.821,225.547
45602.117,333.947,213.292
45604.298,335.796,203
45606.477,343.145,208.146
45608.655,340.67,207.585
45610.835,345.576,222.945
45613.012,341.154,218.515
45615.193,332.87,212.576
45617.372,338.473,209.673
45619.55,343.054,222.86
45621.73,335.97,207.308
45623.91,343.905,221.372
45626.087,338.173,207.06
45628.268,330.218,215.925
45630.447,343.179,215.079
45632.625,337.344,208.934
45634.805,338.738,219.973
45636.982,341.255,215.502
45639.163,338.642,211.729
45641.342,335.309,211.541
45643.52,338.875,222.964
45645.7,338.181,212.97
45647.88,333.823,210.352
45650.057,337.548,215.395
45652.238,337.489,202.031
45654.415,330.664,215.686
45656.595,328.747,204.478
45658.775,338.889,205.924
45660.952,340.722,226.765
45663.133,335.899,207.013
45665.312,338.806,210.087
45667.49,338.323,229.563
45669.67,336.488,217.872
45671.85,339.691,231.184
45674.027,335.364,213.682
45676.208,337.027,240.356
45678.385,335.975,208.69
45680.565,338.662,210.4
45682.745,337.229,233.027
45684.923,340.92,217.308
45687.102,332.873,211.258
45689.283,337.485,210.506
45691.46,336.94,216.136
45693.64,329.113,204.12
45695.818,337.816,221.502
45697.997,338.119,206.796
45700.178,330.996,224.438
45702.355,337.917,210.216
45704.535,336.394,212.099
45706.715,343.373,215.943
45708.893,332.978,208.82
45711.072,340.477,233.014
45713.253,340.359,214.762
45715.43,335.116,232.144
45717.61,341.564,208.915
45719.788,331.707,215.357
45721.967,340.654,222.27
45724.148,331.107,200.997
45726.325,339.542,209.225
45728.505,336.216,217.715
45730.685,339.682,224.115
45732.863,338.648,219.229
45735.042,339.941,209.281
45737.223,326.471,203.368
45739.4,339.225,219.253
45741.58,340.114,209.126
45743.758,338.292,225.242
45745.938,340.808,206.694
45748.117,323.144,220.792
45750.295,341.175,218.263
45752.475,329.816,206.031
45754.655,340.144,224.561
45756.833,340.634,207.12
45759.012,339.23,214.298
45761.19,337.345,216.596
45763.37,332.302,216.885
45765.55,338.723,211.693
45767.727,339.771,211.396
45769.908,325.771,223.086
45772.087,341.037,210.024
45774.265,335.135,210.895
45776.445,341.979,217.776
45778.625,339.635,210.779
45780.803,337.19,225.391
45782.982,341.792,201.416
45785.16,340.246,219.153
45787.34,331.898,215.835
45789.52,342.673,216.607
45791.697,331.979,202.78
45793.878,341.95,210.543
45796.057,334.2,218.405
45798.235,341.289,207.26
45800.415,338.592,211.437
45802.592,328.986,199.14
45804.773,337.743,227.962
45806.952,337.426,204.432
45809.13,329.089,221.101
45811.31,337.652,206.851
45813.49,335.839,219.656
45815.667,338.199,213.661
45817.848,340.95,229.023
45820.027,329.406,196.822
45822.205,339.482,224.59
45824.385,337.571,204.722
45826.562,336.178,216.797
45828.742,340.222,211.334
45830.923,337.665,219.71
45833.1,343.036,215.078
45835.28,338.184,211.587
45841.82,345.587,209.035
45843.997,341.941,229.913
45846.178,339.069,212.953
45848.357,336.278,223.227
45850.535,341.55,216.274
45852.715,341.968,222.309
45854.895,335.604,213.435
45857.072,344.754,217.374
45859.253,338.779,209.248
45861.432,335.791,212.424
45863.61,343.54,213.73
45865.79,342.541,229.803
45867.967,336.91,213.783
45870.148,337.877,212.031
45872.327,341.399,215.651
45874.505,331.91,195.597
45876.685,338.101,225.776
45878.865,344.517,212.61
45881.042,330.949,198.062
45883.223,340.387,219.862
45885.4,337.832,208.319
45887.58,334.915,196.163
45889.76,338.89,230.121
45891.938,339.121,211.633
45894.117,332.579,217.488
45896.298,338.332,220.932
45898.475,338.343,205.131
45900.655,333.229,224.277
45902.835,334.665,216.088
45905.012,342.561,224.418
45907.193,332.419,200.433
45909.37,340.8,221.555
45911.55,339.318,210.155
45913.73,325.759,229.051
45915.908,337.301,215.757
45918.087,343.365,207.39
45920.268,330.209,229.733
45922.445,338.143,216.197
45924.625,339.274,222.113
45926.803,339.222,198.704
45928.982,339.723,223.318
45931.163,340.324,232.459
45933.34,342.608,210.773
45935.52,327.303,205.361
45937.7,338.75,231.841
45939.878,342.801,221.691
45942.057,334.549,210.957
45944.238,336.313,211.651
45946.415,340.619,229.272
45948.595,333.055,202.152
45950.773,339.799,229.223
45952.952,340.731,224.142
45955.133,333.064,202.263
45957.31,334.797,228.757
45959.49,338.695,221.009
45961.67,341.348,212.347
45963.848,343.705,218.464
45966.027,340.76,219.614
45968.205,337.209,208.136
45970.385,341.168,218.193
45972.565,342.534,222.087
45974.742,338.729,212.209
45976.923,340.644,202.559
45979.102,341.928,205.295
45981.28,342.761,233.037
45983.46,341.21,214.518
45985.64,330.486,207.929
45987.818,341.55,222.963
45989.997,336.805,209.807
45992.175,336.378,210.941
45994.355,344.248,214.258
45996.535,338.616,214.901
45998.712,344.828,212.708
46000.893,339.334,206.461
46003.072,343.144,220.756
46005.25,344.973,206.031
46007.43,335.87,216.357
46009.61,345.986,206.554
46011.788,335.427,206.991
46013.967,343.763,205.247
46016.145,328.449,217.909
46018.325,342.361,209.813
46020.505,338.152,207.792
46022.682,345.269,215.468
46024.863,336.659,207.022
46027.042,330.269,225.028
46029.22,340.761,205.377
46031.4,337.619,205.506
46033.577,339.183,212.315
46035.758,340.681,236.065
46037.938,335.406,216.945
46040.115,340.832,222.611
46042.295,339.914,213.465
46044.475,332.72,203.703
46046.652,342.091,219.665
46048.833,342.43,213.81
46051.012,327.571,199.575
46053.19,341.891,227.466
46055.37,337.407,205.048
46057.548,344.584,231.371
46059.727,339.812,214.706
46061.908,334.525,219.581
46064.085,342.517,211.238
46066.265,339.556,212.909
46068.445,343.798,221.587
46070.622,339.422,219.318
46072.803,336.879,202.88
46074.98,344.293,227.269
46077.16,336.733,207.431
46079.34,329.402,198.204
46081.518,337.303,225.845
46083.697,340.84,209.908
46085.878,336.205,202.518
46088.055,335.759,228.114
46090.235,336.808,208.136
46092.415,329.506,191.323
46094.592,333.56,226.269
46096.773,339.558,199.605
46098.95,335.225,205.25
46101.13,344.063,216.289
46103.31,341.42,207.733
46105.488,334.339,225.12
46107.667,338.124,213.002
46109.848,337.4,200.972
46112.025,343.585,233.351
46114.205,338.513,205.086
46116.383,329.44,222.007
46118.562,343.384,214.366
46120.742,332.753,218.859
46122.92,342.414,220.356
46125.1,343.522,214.527
46127.28,329.657,225.193
46129.458,342.168,221.316
46131.637,342.069,202.303
46133.818,326.088,222.955
46135.995,338.543,205.896
46138.175,333.462,204.302
46140.352,340.769,216.446
46142.533,337.681,206.698
46144.712,339.627,219.213
46146.89,340.707,206.025
46149.07,331.882,214.187
46151.25,340.817,209.623
46153.428,339.782,196.554
46158.818,344.646,212.045
46160.995,330.904,201.604
46163.175,334.885,205.514
46165.355,334.949,213.706
46167.533,328.265,191.969
46169.712,332.2,218.663
46171.893,332.889,199.621
46174.07,328.3,205.704
46176.25,336.38,204.335
46178.43,334.297,199.474
46180.607,330.167,206.215
46182.788,332.951,196.586
46184.965,331.603,198.919
46187.145,335.74,210.193
46189.325,335.551,205.303
46191.503,332.256,193.042
46193.682,337.402,219.804
46195.863,332.285,197.942
46198.04,329.059,207.894
46200.22,333.691,201.074
46202.398,335.465,203.815
46204.577,329.468,201.542
46206.758,336.294,215.555
46208.935,331.906,197.765
46211.115,336.68,214.572
46213.295,334.643,206.075
46215.473,337.258,213.557
46217.652,330.266,194.293
46219.833,324.47,192.853
46222.01,333.752,222.823
46224.19,336.182,204.297
46226.367,319.961,204.585
46228.548,336.389,208.964
46230.727,329.81,195.482
46232.905,337.492,211.329
46235.085,334.729,205.022
46237.265,334.947,193.739
46239.443,336.956,198.997
46241.622,336.471,210.514
46243.8,337.008,215.872
46245.98,329.644,206.774
46248.16,333.53,205.212
46250.337,335.741,207.409
46252.518,323.846,220.895
46254.697,331.837,200.356
46256.875,329.744,218.788
46259.055,337.949,207.016
46261.235,334.886,209.333
46263.413,329.54,205.45
46265.592,334.619,206.137
46267.77,321.42,209.655
46269.95,330.351,194.211
46272.13,334.277,195.675
46274.307,337.529,206.779
46276.488,329.056,215.956
46278.667,333.924,205.141
46280.845,332.992,188.29
46283.025,338.66,214.705
46285.202,334.21,191.666
46287.383,321.824,207.483
46289.562,335.2,203.759
46291.74,330.001,196.081
46293.92,328.514,195.429
46296.1,332.981,204.86
46298.277,327.797,190.571
46300.458,336.034,219.485
46302.637,331.397,194.089
46304.815,324.277,198.669
46306.995,334.864,216.241
46309.173,325.623,190.888
46311.352,332.968,204.121
46313.533,335.419,218.497
46315.71,329.525,213.1
46317.89,335.225,212.558
46320.07,327.335,195.913
46322.247,333.223,211.087
46324.428,331.161,190.862
46326.605,336.121,201.786
46328.785,333.791,196.99
46330.965,338.557,222.487
46333.143,334.915,194.269
46335.322,339.621,216.576
46337.503,334.474,204.135
46339.68,323.584,189.944
46341.86,331.92,198.381
46344.04,332.806,192.962
46346.217,336.937,206.629
46348.398,332.963,215.615
46350.575,337.668,192.585
46352.755,321.828,191.553
46354.935,333.529,212.909
46357.113,332.021,192.917
46359.292,336.93,202.774
46361.473,331.866,209.342
46363.65,325.553,200.022
46365.83,335.091,205.718
46368.008,332.772,197.169
46370.188,337.364,197.077
46372.367,336.229,207.97
46374.545,320.562,199.758
46376.725,334.998,200.897
46378.905,332.871,193.663
46381.083,332.885,193.596
46383.262,335.66,213.542
46385.443,335.379,200.605
46387.62,335.69,196.058
46389.8,335.308,208.904
46391.977,327.296,194.378
46394.158,332.241,195.677
46396.337,331.074,199.357
46398.515,334.394,211.657
46400.695,334.246,205.437
46402.875,330.372,196.495
46405.053,334.478,210.806
46407.232,333.059,195.721
46409.413,328.987,196.839
46411.59,333.749,221.586
46413.77,332.937,189.415
46415.947,342.336,208.737
46418.128,332.228,218.052
46420.307,335.159,210.374
46422.485,330.224,193.966
46424.665,338.288,202.96
46426.845,334.789,208.822
46429.023,336.448,210.486
46431.202,335.127,196.641
46433.38,333.626,226.021
46435.56,333.054,188.846
46437.74,327.824,207.85
46439.917,337.952,219.46
46442.098,330.036,196.475
46444.277,334.617,208.785
46446.455,333.225,218.49
46448.635,338.375,215.611
46450.815,336.654,210.928
46452.992,336.632,203.806
46455.173,333.915,201.847
46457.35,328.743,202.081
46459.53,333.277,198.828
46461.71,333.038,188.797
46463.887,337.947,198.391
46466.068,335.554,202.21
46468.247,338.435,213.59
46470.425,332.856,202.644
46476.82,343.898,228.765
46479,342.549,228.498
46481.178,340.655,202.221
46483.357,328.876,217.798
46485.538,337.378,212.531
46487.715,341.279,210.858
46489.895,343.066,204.343
46492.075,339.926,208.023
46494.253,344.2,221.637
46496.432,330.778,215.933
46498.613,337.78,219.332
46500.79,340.241,216.519
46502.97,339.761,218.146
46505.148,333.895,227.064
46507.327,339.703,215.881
46509.508,334.206,211.776
46511.685,340.55,208.842
46513.865,338.805,219.122
46516.045,330.428,218.718
46518.223,337.348,208.677
46520.402,336.703,209.454
46522.58,339.983,206.62
46524.76,342.906,218.423
46526.94,330.196,214.754
46529.117,342.115,209.902
46531.298,337.458,218.967
46533.477,341.827,202.029
46535.655,340.278,217.691
46537.835,339.837,231.498
46540.015,337.792,210.411
46542.193,339.961,200.568
46544.372,340.404,233.915
46546.55,336.554,201.882
46548.73,332.865,214.352
46550.91,342.229,210.513
46553.087,342.453,210.091
46555.268,331.942,212.686
46557.447,341.643,202.69
46559.625,342.753,203.504
46561.805,334.132,224.72
46563.982,340.855,226.324
46566.163,335.9,210.551
46568.342,343.226,220.4
46570.52,339.147,212.4
46572.7,335.074,196.299
46574.88,340.432,203.497
46577.057,331.358,222.892
46579.238,341.541,220.694
46581.417,338.045,197.779
46583.595,336.975,219.277
46585.775,342.78,209.467
46587.952,338.202,213.937
46590.133,335.388,212.949
46592.312,341.76,208.497
46594.49,340.548,212.475
46596.67,336.078,203.773
46598.85,339.185,216.279
46601.027,332.31,221.401
46603.208,341.01,201.871
46605.387,339.051,199.897
46607.565,343.809,222.555
46609.745,337.389,211.332
46611.923,339.778,227.778
46614.102,337.914,193.881
46616.283,344.734,217.153
46618.46,338.393,206.782
46620.64,341.708,224.138
46622.82,337.411,207.078
46624.997,329.691,218.677
46627.178,338.392,213.006
46629.355,339.909,211.456
46631.535,343.569,211.606
46633.715,341.916,217.457
46635.893,326.932,221.582
46638.072,341.231,197.431
46640.253,333.306,217.432
46642.43,340.294,203.588
46644.61,339.894,200.162
46646.79,342.415,224.974
46648.967,340.547,206.524
46651.148,343.415,211.555
46653.325,337.922,213.182
46655.505,340.784,215.581
46657.685,344.722,218.694
46659.863,340.588,223.038
46662.042,340.225,222.018
46664.223,344.731,220.169
46666.4,340.044,202.721
46668.58,342.729,212.725
46670.758,342.693,217.221
46672.938,333.061,206.63
46675.117,341.175,208.82
46677.295,335.816,216.338
46679.475,344.704,229.658
46681.655,340.841,222.864
46683.833,345.465,224.63
46686.012,340.818,202.838
46688.193,341.322,226.882
46690.37,340.798,217.038
46692.55,343.023,223.805
46694.727,343.192,199.685
46696.908,346.502,213.561
46699.087,337.868,209.653
46701.265,344.217,204.372
46703.445,338.692,213.771
46705.625,345.058,197.429
46707.803,339.751,211.568
46709.982,342.712,205.421
46712.16,336.281,207.197
46714.34,343.349,208.545
46716.52,336.163,213.829
46718.697,338.205,206.875
46720.878,338.648,217.525
46723.057,344.058,210.215
46725.235,337.412,215.534
46727.415,340.812,210.018
46729.595,336.497,213.975
46731.773,339.981,209.897
46733.952,331.767,209.109
46736.13,342.15,220.397
46738.31,342.95,215.115
46740.49,336.554,207.993
46742.667,342.718,213.316
46744.848,339.899,217.808
46747.027,341.758,202.843
46749.205,342.055,225.486
46751.385,338.506,229.379
46753.562,340.344,215.741
46755.742,326.487,204.486
46757.923,342.704,216.801
46760.1,340.533,213.727
46762.28,346.767,227.62
46764.46,338.943,210.901
46766.637,345.976,211.943
46768.818,341.062,204.935
46770.997,342.399,216.644
46773.175,340.254,202.987
46775.355,338.278,212.365
46777.533,340.888,218.142
46779.712,334.466,232.79
46781.893,340.75,224.131
46784.07,337.816,217.298
46786.25,338.64,225.727
46788.43,342.633,232.697
,,